1704454127.5752144,0.012885093688964844,0.2306652069091797,0.049276113510131836
9.841476440429688,0.0002644062042236328,0.2274923324584961,0.04362821578979492
9.732282876968384,0.0003135204315185547,0.22716522216796875,0.04556131362915039
9.791801452636719,0.00024962425231933594,0.22145581245422363,0.046776771545410156
9.74069356918335,0.00026154518127441406,0.22279787063598633,0.045440673828125
9.746724843978882,0.0002963542938232422,0.2215404510498047,0.04568219184875488
9.71704387664795,0.00023221969604492188,0.22182250022888184,0.04715371131896973
9.741534233093262,0.00026535987854003906,0.22516179084777832,0.04439043998718262
9.819166421890259,0.00024509429931640625,0.22255730628967285,0.04164719581604004
9.711589574813843,0.0002522468566894531,0.2269129753112793,0.047289371490478516
9.701515436172485,0.0002338886260986328,0.22490310668945312,0.04645133018493652
9.77723240852356,0.0002474784851074219,0.222672700881958,0.05018162727355957
9.676064491271973,0.00023365020751953125,0.22472643852233887,0.04969382286071777
9.781358003616333,0.0002353191375732422,0.22155523300170898,0.04475712776184082
9.77085542678833,0.0002810955047607422,0.2221982479095459,0.04877471923828125
9.675673484802246,0.00024199485778808594,0.22342157363891602,0.04162430763244629
9.816996574401855,0.0002932548522949219,0.22148585319519043,0.04586529731750488
9.779207706451416,0.0002448558807373047,0.22153735160827637,0.044535160064697266
9.691626071929932,0.0002315044403076172,0.22156763076782227,0.04401206970214844
9.728092432022095,0.0002562999725341797,0.22255206108093262,0.04169774055480957
9.911503076553345,0.00030875205993652344,0.22325921058654785,0.044457197189331055
9.774090051651001,0.0003120899200439453,0.22358465194702148,0.04217672348022461
9.787127494812012,0.00026106834411621094,0.22645831108093262,0.045013427734375
9.729039669036865,0.0002307891845703125,0.22343063354492188,0.04837346076965332
9.737141609191895,0.0003306865692138672,0.22123360633850098,0.041732072830200195
9.786345958709717,0.0002510547637939453,0.22206974029541016,0.0442657470703125
9.789069175720215,0.0002486705780029297,0.22417283058166504,0.04140210151672363
9.768586874008179,0.00024271011352539062,0.22505712509155273,0.04814028739929199
9.721669435501099,0.0003516674041748047,0.22669124603271484,0.0466763973236084
9.775985956192017,0.00030303001403808594,0.22495746612548828,0.049384117126464844
9.866524934768677,0.0003261566162109375,0.2221078872680664,0.04831051826477051
9.875384330749512,0.00027871131896972656,0.22298026084899902,0.043322086334228516
9.77733302116394,0.00029659271240234375,0.22404909133911133,0.046166419982910156
9.813392400741577,0.00024700164794921875,0.22513341903686523,0.049285888671875
9.782490968704224,0.0003304481506347656,0.2239236831665039,0.049764394760131836
9.77263855934143,0.00025653839111328125,0.2624948024749756,0.046306610107421875
9.772495985031128,0.00023508071899414062,0.22544503211975098,0.04712390899658203
9.71980905532837,0.0002522468566894531,0.2242286205291748,0.04503035545349121
9.784810304641724,0.0002961158752441406,0.22426247596740723,0.04878997802734375
9.768329381942749,0.0002510547637939453,0.22338199615478516,0.04253745079040527
9.791145086288452,0.0002541542053222656,0.22225570678710938,0.04514956474304199
9.757918357849121,0.00026679039001464844,0.22183632850646973,0.04397702217102051
9.768322944641113,0.00023818016052246094,0.22263121604919434,0.051827430725097656
9.792639255523682,0.00028824806213378906,0.22306299209594727,0.04744601249694824
9.834205389022827,0.00031828880310058594,0.22174406051635742,0.045281171798706055
9.713813781738281,0.0002300739288330078,0.2222592830657959,0.042989492416381836
9.750638008117676,0.00024437904357910156,0.22711563110351562,0.04329800605773926
9.768185138702393,0.00027298927307128906,0.2224733829498291,0.04501605033874512
9.771068334579468,0.0003018379211425781,0.22272038459777832,0.04710197448730469
9.812314748764038,0.00032258033752441406,0.2237706184387207,0.04251861572265625
10.35435938835144,0.0003409385681152344,0.22736716270446777,0.10049319267272949
9.755859136581421,0.00029206275939941406,0.2306356430053711,0.008402824401855469
9.793237447738647,0.0002772808074951172,0.22363877296447754,0.007578849792480469
9.854180574417114,0.0002377033233642578,0.22398877143859863,0.00740814208984375
9.7261483669281,0.0003032684326171875,0.22359228134155273,0.008086442947387695
9.803178787231445,0.0002868175506591797,0.22968649864196777,0.007505655288696289
9.792858600616455,0.0003170967102050781,0.2265326976776123,0.007500410079956055
9.830152988433838,0.00023627281188964844,0.22271084785461426,0.007610321044921875
9.771962642669678,0.0052225589752197266,0.22730755805969238,0.007757425308227539
9.80307674407959,0.0003323554992675781,0.22762608528137207,0.007687091827392578
9.839538812637329,0.00023317337036132812,0.22423791885375977,0.007657766342163086
9.76355266571045,0.0003104209899902344,0.22361159324645996,0.007390022277832031
9.76788067817688,0.00030040740966796875,0.2259960174560547,0.007407188415527344
9.794606447219849,0.00031638145446777344,0.23343133926391602,0.0073087215423583984
9.755003213882446,0.0002472400665283203,0.23391175270080566,0.0076520442962646484
9.775156736373901,0.0002853870391845703,0.22450613975524902,0.007349252700805664
9.798558473587036,0.0002474784851074219,0.22311925888061523,0.007678031921386719
9.815831422805786,0.0002429485321044922,0.22202396392822266,0.007667064666748047
9.820420026779175,0.00024008750915527344,0.22319746017456055,0.007338523864746094
9.77244782447815,0.00024056434631347656,0.22093510627746582,0.007066965103149414
9.78260612487793,0.0002589225769042969,0.22072410583496094,0.007142782211303711
9.776997327804565,0.00023627281188964844,0.22237038612365723,0.007210731506347656
9.771704196929932,0.00023794174194335938,0.22061705589294434,0.007412433624267578
9.745970726013184,0.00023555755615234375,0.22089552879333496,0.007295131683349609
9.768471717834473,0.005147695541381836,0.22059988975524902,0.007001638412475586
9.737277269363403,0.0002949237823486328,0.2204420566558838,0.007257223129272461
9.8102285861969,0.00025725364685058594,0.2244117259979248,0.007836103439331055
9.799602508544922,0.0002932548522949219,0.22031641006469727,0.007086753845214844
9.764033079147339,0.0002994537353515625,0.22433710098266602,0.007404804229736328
9.733871221542358,0.0003173351287841797,0.22058320045471191,0.007085561752319336
9.779207706451416,0.0002655982971191406,0.22188019752502441,0.007017374038696289
9.794662237167358,0.00024771690368652344,0.22356772422790527,0.007048130035400391
9.76497220993042,0.00026488304138183594,0.22334623336791992,0.0070378780364990234
9.747626781463623,0.005298137664794922,0.22282791137695312,0.007361888885498047
9.764956951141357,0.00034165382385253906,0.22038936614990234,0.0070514678955078125
9.74883222579956,0.00024366378784179688,0.2251725196838379,0.007076740264892578
9.828822612762451,0.00029850006103515625,0.22226357460021973,0.007244586944580078
9.713322877883911,0.0003032684326171875,0.22592616081237793,0.007102251052856445
9.793586015701294,0.000244140625,0.22418856620788574,0.007359981536865234
9.744774103164673,0.0002446174621582031,0.2230210304260254,0.00737762451171875
9.814484119415283,0.00023174285888671875,0.22735834121704102,0.007378578186035156
9.782713174819946,0.00023889541625976562,0.2241346836090088,0.007010698318481445
9.837465047836304,0.00025582313537597656,0.2215428352355957,0.007256746292114258
9.816383600234985,0.00029206275939941406,0.23473882675170898,0.007437705993652344
9.791160345077515,0.00031566619873046875,0.22370648384094238,0.007434844970703125
9.747605800628662,0.00030541419982910156,0.22098660469055176,0.00740504264831543
9.740253210067749,0.00022721290588378906,0.22135496139526367,0.007079362869262695
9.793777227401733,0.00032138824462890625,0.22241497039794922,0.006972551345825195
9.827200174331665,0.0003032684326171875,0.22268199920654297,0.007369041442871094
9.734997510910034,0.00025010108947753906,0.222306489944458,0.007442474365234375
9.719168663024902,0.00024509429931640625,0.22178864479064941,0.007458925247192383
9.742350101470947,0.000244140625,0.2234489917755127,0.0070950984954833984
9.720800399780273,0.0002415180206298828,0.22432684898376465,0.007363796234130859
9.772515058517456,0.00033593177795410156,0.22389674186706543,0.007348060607910156
9.8037691116333,0.00027298927307128906,0.22573137283325195,0.007200479507446289
9.739586114883423,0.0002810955047607422,0.2233574390411377,0.00744318962097168
9.767707586288452,0.00032258033752441406,0.22259783744812012,0.007390260696411133
9.719120025634766,0.00026917457580566406,0.22205567359924316,0.007343292236328125
9.737774133682251,0.00034928321838378906,0.22499370574951172,0.006989955902099609
9.771875143051147,0.0003371238708496094,0.22126054763793945,0.007886409759521484
9.801706314086914,0.00024271011352539062,0.22120928764343262,0.007142305374145508
9.779412984848022,0.000316619873046875,0.22905731201171875,0.007122516632080078
9.790940284729004,0.005398750305175781,0.22242140769958496,0.007150173187255859
9.771697282791138,0.005428791046142578,0.2211904525756836,0.007113456726074219
9.776935338973999,0.00031828880310058594,0.22133350372314453,0.0070896148681640625
9.797848224639893,0.00032067298889160156,0.22138619422912598,0.007408857345581055
9.751363754272461,0.00031948089599609375,0.22063589096069336,0.007405996322631836
9.704033374786377,0.0003113746643066406,0.2204906940460205,0.007382631301879883
9.73543095588684,0.0002372264862060547,0.22043633460998535,0.007104158401489258
9.726245164871216,0.0003676414489746094,0.22176623344421387,0.007256984710693359
9.81294322013855,0.00022554397583007812,0.22120070457458496,0.007047176361083984
9.786327362060547,0.00022745132446289062,0.22038578987121582,0.007375478744506836
9.781290769577026,0.00024199485778808594,0.22377228736877441,0.007466554641723633
9.767784118652344,0.00023508071899414062,0.2228555679321289,0.0070955753326416016
9.758594274520874,0.0002646446228027344,0.22270631790161133,0.0073986053466796875
9.748287916183472,0.00025773048400878906,0.2205820083618164,0.007132053375244141
9.764421939849854,0.00023746490478515625,0.22230219841003418,0.007321596145629883
9.725034713745117,0.005315065383911133,0.22230267524719238,0.006909608840942383
9.722126722335815,0.0002300739288330078,0.22066879272460938,0.007412910461425781
9.771078824996948,0.00031828880310058594,0.22089576721191406,0.007451534271240234
9.778815269470215,0.0003204345703125,0.22410273551940918,0.0070912837982177734
9.761128902435303,0.00024890899658203125,0.22327327728271484,0.007503509521484375
9.776780366897583,0.0002288818359375,0.220686674118042,0.0074346065521240234
9.749684572219849,0.00025343894958496094,0.22168469429016113,0.007368803024291992
9.731044292449951,0.00023865699768066406,0.22069191932678223,0.007061004638671875
9.716872215270996,0.0002315044403076172,0.22252774238586426,0.007391214370727539
9.686324119567871,0.0053555965423583984,0.2212822437286377,0.007623195648193359
9.761434555053711,0.00029850006103515625,0.22400569915771484,0.007451772689819336
9.760525226593018,0.0003044605255126953,0.2209310531616211,0.007395267486572266
9.777729749679565,0.0002644062042236328,0.22119474411010742,0.0074920654296875
9.799233436584473,0.00023293495178222656,0.22311139106750488,0.007387876510620117
9.777183294296265,0.0002474784851074219,0.22313737869262695,0.007353067398071289
9.77987551689148,0.00032329559326171875,0.22331833839416504,0.007752180099487305
9.781797885894775,0.00024056434631347656,0.22066688537597656,0.007359504699707031
9.765203714370728,0.000274658203125,0.22212553024291992,0.007089138031005859
9.745445251464844,0.00025463104248046875,0.22074580192565918,0.007341861724853516
9.750253200531006,0.0002281665802001953,0.22245001792907715,0.00731348991394043
9.744868040084839,0.00030541419982910156,0.22086381912231445,0.007483243942260742
9.731544971466064,0.00024580955505371094,0.22177386283874512,0.0074384212493896484
9.766508340835571,0.00030994415283203125,0.2205355167388916,0.007165670394897461
9.812735795974731,0.00023555755615234375,0.2204883098602295,0.007445096969604492
9.793986320495605,0.00029778480529785156,0.2207775115966797,0.00711369514465332
9.773741483688354,0.00023818016052246094,0.22022795677185059,0.007448434829711914
9.732866525650024,0.00024437904357910156,0.22077131271362305,0.00713801383972168
9.746448278427124,0.005205631256103516,0.22220563888549805,0.007518768310546875
9.775317192077637,0.0002410411834716797,0.22032952308654785,0.007055759429931641
9.722895860671997,0.00030040740966796875,0.22028613090515137,0.007381439208984375
9.711299657821655,0.0002231597900390625,0.22217941284179688,0.007128000259399414
9.754342794418335,0.00023937225341796875,0.2260279655456543,0.007426738739013672
9.765583515167236,0.005303621292114258,0.2206876277923584,0.007025003433227539
9.742671966552734,0.0002384185791015625,0.22040939331054688,0.007370471954345703
9.693915367126465,0.0002720355987548828,0.2229630947113037,0.007417440414428711
9.754469156265259,0.0003445148468017578,0.22029638290405273,0.009783267974853516
9.847429752349854,0.00029015541076660156,0.22028660774230957,0.007443904876708984
9.693964958190918,0.00024580955505371094,0.2223215103149414,0.007427215576171875
9.709219932556152,0.00024771690368652344,0.22197484970092773,0.0074253082275390625
9.778391122817993,0.0002384185791015625,0.223588228225708,0.007081270217895508
9.731175422668457,0.00030541419982910156,0.22310686111450195,0.00742030143737793
9.790187358856201,0.0002770423889160156,0.22423410415649414,0.00744318962097168
9.839157342910767,0.00025272369384765625,0.22370314598083496,0.0072705745697021484
9.744919776916504,0.00023126602172851562,0.22278118133544922,0.007396221160888672
9.776363372802734,0.00024628639221191406,0.22081804275512695,0.007428407669067383
9.760311603546143,0.00031280517578125,0.22196745872497559,0.007330179214477539
9.717458009719849,0.00024008750915527344,0.22074341773986816,0.007479190826416016
9.725898265838623,0.00023245811462402344,0.2242279052734375,0.007350921630859375
9.744739294052124,0.004248380661010742,0.22414350509643555,0.00759124755859375
9.804509162902832,0.00039839744567871094,0.2213609218597412,0.007069826126098633
9.78422737121582,0.00023484230041503906,0.22086882591247559,0.0071337223052978516
9.707791328430176,0.0002391338348388672,0.22026896476745605,0.0069429874420166016
9.765466213226318,0.0002276897430419922,0.2205052375793457,0.0072629451751708984
9.844183206558228,0.00022363662719726562,0.22231578826904297,0.007136344909667969
9.739020347595215,0.00030684471130371094,0.22068166732788086,0.0071299076080322266
9.78671932220459,0.00023031234741210938,0.220534086227417,0.007384300231933594
9.725732803344727,0.0002281665802001953,0.22031331062316895,0.0073528289794921875
9.748609781265259,0.00024819374084472656,0.2237696647644043,0.007296562194824219
9.73028302192688,0.00030112266540527344,0.2203845977783203,0.010000467300415039
9.702606678009033,0.00023102760314941406,0.22231411933898926,0.007250547409057617
9.747157096862793,0.0003516674041748047,0.22090864181518555,0.007302999496459961
9.783091068267822,0.00022840499877929688,0.22017383575439453,0.00716400146484375
9.786123752593994,0.0002510547637939453,0.2224118709564209,0.00731658935546875
9.709495544433594,0.0003273487091064453,0.22126483917236328,0.007532596588134766
9.738966226577759,0.00023508071899414062,0.22362780570983887,0.007346630096435547
9.698856830596924,0.0002465248107910156,0.22380352020263672,0.007084846496582031
9.776573896408081,0.0002491474151611328,0.22455859184265137,0.007381439208984375
9.727247953414917,0.0003006458282470703,0.2204902172088623,0.0071408748626708984
9.796600103378296,0.005362272262573242,0.22322320938110352,0.0071506500244140625
9.749902725219727,0.0003094673156738281,0.22385263442993164,0.007088661193847656
9.731564283370972,0.0002448558807373047,0.22215056419372559,0.007360696792602539
9.758425951004028,0.0002372264862060547,0.22092652320861816,0.007151365280151367
9.730853080749512,0.0002391338348388672,0.2238905429840088,0.0070879459381103516
9.71611213684082,0.00032210350036621094,0.22121524810791016,0.007242679595947266
9.732428073883057,0.0002684593200683594,0.22482633590698242,0.007386207580566406
9.749655723571777,0.00030159950256347656,0.22086358070373535,0.007452726364135742
9.76802134513855,0.0002808570861816406,0.22180962562561035,0.007159233093261719
9.817415714263916,0.0003159046173095703,0.22234082221984863,0.007476806640625
9.768783569335938,0.00030422210693359375,0.22029733657836914,0.0073451995849609375
9.733367443084717,0.0002613067626953125,0.22179627418518066,0.0071485042572021484
9.712576627731323,0.0002987384796142578,0.22360730171203613,0.007392168045043945
9.751014471054077,0.00032591819763183594,0.2206101417541504,0.0073146820068359375
9.775879859924316,0.0003066062927246094,0.22082805633544922,0.007516384124755859
9.813652038574219,0.0002353191375732422,0.22059082984924316,0.0074520111083984375
9.794901371002197,0.0002384185791015625,0.2228245735168457,0.007445812225341797
9.761060237884521,0.0002884864807128906,0.22054648399353027,0.007379055023193359
9.742446899414062,0.0003139972686767578,0.22127246856689453,0.007433414459228516
9.756225347518921,0.0002658367156982422,0.22058868408203125,0.007444143295288086
9.763593673706055,0.00025653839111328125,0.22279620170593262,0.007286548614501953
9.719621181488037,0.00023555755615234375,0.2204148769378662,0.007428884506225586
9.721653938293457,0.0002760887145996094,0.22462105751037598,0.007427692413330078
9.816564559936523,0.0002486705780029297,0.2225954532623291,0.007531642913818359
9.690009593963623,0.0002391338348388672,0.22076702117919922,0.007659912109375
9.730212926864624,0.00031495094299316406,0.22211241722106934,0.007426023483276367
9.731655836105347,0.00027441978454589844,0.22066402435302734,0.007419586181640625
9.792558193206787,0.0003132820129394531,0.22241592407226562,0.007441282272338867
9.800171375274658,0.000301361083984375,0.22365236282348633,0.007340431213378906
9.779197692871094,0.00030159950256347656,0.2239062786102295,0.00741267204284668
9.754353761672974,0.00024771690368652344,0.22056150436401367,0.007090330123901367
9.779157638549805,0.0002493858337402344,0.2239372730255127,0.006896257400512695
9.805467367172241,0.00023174285888671875,0.21931815147399902,0.007441997528076172
9.786060333251953,0.00023603439331054688,0.2191770076751709,0.007583141326904297
9.772370338439941,0.0002942085266113281,0.22648048400878906,0.007516622543334961
9.773936748504639,0.00024247169494628906,0.2221841812133789,0.008144378662109375
9.687451124191284,0.0002384185791015625,0.22141766548156738,0.007382631301879883
9.703849077224731,0.000263214111328125,0.22047066688537598,0.007399082183837891
9.713120698928833,0.00031876564025878906,0.22176289558410645,0.007207632064819336
9.771775484085083,0.0002391338348388672,0.22090864181518555,0.007329463958740234
9.725737810134888,0.00023984909057617188,0.2207341194152832,0.00708317756652832
9.727491617202759,0.00025844573974609375,0.22174620628356934,0.007373809814453125
9.785233497619629,0.00023412704467773438,0.22035574913024902,0.0070950984954833984
9.727790355682373,0.00024080276489257812,0.22143244743347168,0.007702350616455078
9.77451491355896,0.00030350685119628906,0.22354674339294434,0.0071222782135009766
9.868217945098877,0.0002319812774658203,0.22028684616088867,0.007399082183837891
9.772271394729614,0.005209684371948242,0.22382283210754395,0.007134675979614258
9.773861646652222,0.0002720355987548828,0.22026371955871582,0.00749969482421875
9.753538131713867,0.00023698806762695312,0.22185468673706055,0.007162570953369141
9.7815682888031,0.00023508071899414062,0.22120451927185059,0.0073697566986083984
9.731698751449585,0.00031566619873046875,0.22069334983825684,0.007277250289916992
9.730765342712402,0.0002422332763671875,0.21892619132995605,0.007024526596069336
9.761618614196777,0.0002791881561279297,0.2203357219696045,0.007099628448486328
9.743630409240723,0.0002491474151611328,0.2209339141845703,0.007472515106201172
9.768058061599731,0.00032329559326171875,0.22585296630859375,0.007166147232055664
9.777529001235962,0.0002522468566894531,0.22404098510742188,0.007132053375244141
9.741803169250488,0.0002503395080566406,0.22034049034118652,0.007247447967529297
9.773813724517822,0.0003235340118408203,0.22213125228881836,0.012450218200683594
9.747402667999268,0.00023889541625976562,0.22081732749938965,0.007024049758911133
9.779687881469727,0.0003032684326171875,0.22043943405151367,0.0076296329498291016
9.852755308151245,0.0002334117889404297,0.2204585075378418,0.007048368453979492
9.816716432571411,0.00024199485778808594,0.2215559482574463,0.007161617279052734
9.752098798751831,0.00023317337036132812,0.22211480140686035,0.007359981536865234
9.73207688331604,0.005185604095458984,0.22079968452453613,0.007334709167480469
9.736159563064575,0.00023555755615234375,0.2204296588897705,0.007452964782714844
9.767848491668701,0.00023674964904785156,0.22357416152954102,0.00733494758605957
9.708744764328003,0.00023365020751953125,0.22266554832458496,0.007361650466918945
9.756472826004028,0.00024127960205078125,0.22167396545410156,0.0074481964111328125
9.77985954284668,0.0003216266632080078,0.22416329383850098,0.00723576545715332
9.75922966003418,0.00032806396484375,0.22042107582092285,0.007116556167602539
9.707279443740845,0.0002760887145996094,0.22199630737304688,0.00755620002746582
9.740083694458008,0.0002338886260986328,0.22084760665893555,0.007138729095458984
9.761433362960815,0.00028514862060546875,0.2209477424621582,0.007066011428833008
9.755229234695435,0.0002434253692626953,0.2214963436126709,0.0074253082275390625
9.798643589019775,0.0003151893615722656,0.22441530227661133,0.007149934768676758
9.789186954498291,0.00022983551025390625,0.2204146385192871,0.007368326187133789
9.802663564682007,0.0003116130828857422,0.2236936092376709,0.0073735713958740234
9.782395839691162,0.00026726722717285156,0.224259614944458,0.007155895233154297
9.80916976928711,0.00022983551025390625,0.22066020965576172,0.007154703140258789
9.744477033615112,0.0002560615539550781,0.22236323356628418,0.007490873336791992
9.812657356262207,0.005372762680053711,0.22109079360961914,0.0074808597564697266
9.755873918533325,0.00024700164794921875,0.2210092544555664,0.007031440734863281
9.757607460021973,0.005284309387207031,0.22080135345458984,0.007490634918212891
9.739070415496826,0.005241870880126953,0.22362089157104492,0.0074002742767333984
9.754297494888306,0.00024628639221191406,0.22069597244262695,0.0075206756591796875
9.785175800323486,0.0002620220184326172,0.2215425968170166,0.007410287857055664
9.819247484207153,0.00025582313537597656,0.2217540740966797,0.007088899612426758
9.739310503005981,0.00024175643920898438,0.22052288055419922,0.007417440414428711
9.767452001571655,0.00028014183044433594,0.22482681274414062,0.007160186767578125
9.802995443344116,0.00026988983154296875,0.22374558448791504,0.00713038444519043
9.762399435043335,0.0002498626708984375,0.22262811660766602,0.007161855697631836
9.760518074035645,0.0052950382232666016,0.22300124168395996,0.007440328598022461
9.79571795463562,0.005367755889892578,0.22262930870056152,0.007385730743408203
9.851038217544556,0.00024271011352539062,0.22172212600708008,0.0073888301849365234
9.762038230895996,0.0002353191375732422,0.22041869163513184,0.007107734680175781
9.731445789337158,0.0003161430358886719,0.2217848300933838,0.0074121952056884766
9.803334474563599,0.000408172607421875,0.22212791442871094,0.007417440414428711
9.756815195083618,0.0002803802490234375,0.2206108570098877,0.007436275482177734
9.728698968887329,0.0003247261047363281,0.22224831581115723,0.00748753547668457
9.717594385147095,0.00533747673034668,0.22074222564697266,0.007441520690917969
9.730518817901611,0.00026106834411621094,0.22320318222045898,0.007338762283325195
9.742518663406372,0.0003008842468261719,0.2208881378173828,0.007281064987182617
9.771398305892944,0.0003108978271484375,0.22217321395874023,0.007321357727050781
9.729753017425537,0.00032830238342285156,0.22128558158874512,0.007485628128051758
9.723088502883911,0.00025582313537597656,0.221052885055542,0.0074236392974853516
9.754812479019165,0.0002493858337402344,0.22482728958129883,0.009735107421875
9.761032342910767,0.00024199485778808594,0.2211441993713379,0.007714509963989258
9.762375354766846,0.0003097057342529297,0.2212522029876709,0.00720977783203125
9.768055200576782,0.0002415180206298828,0.22063112258911133,0.007433176040649414
9.76134991645813,0.00023984909057617188,0.22472810745239258,0.007388591766357422
9.698079586029053,0.00023245811462402344,0.22437667846679688,0.00746607780456543
9.712425231933594,0.0002989768981933594,0.22135639190673828,0.007123708724975586
9.77099347114563,0.00023508071899414062,0.22087740898132324,0.0074307918548583984
9.756457328796387,0.0002865791320800781,0.2205197811126709,0.00745701789855957
9.73195767402649,0.00034427642822265625,0.22050952911376953,0.007416963577270508
9.785068035125732,0.0002987384796142578,0.2228562831878662,0.007471799850463867
9.729581832885742,0.0002448558807373047,0.22095704078674316,0.007421970367431641
9.760767698287964,0.00023555755615234375,0.22295308113098145,0.007173061370849609
9.749336242675781,0.0003032684326171875,0.22032499313354492,0.0076258182525634766
9.806301355361938,0.0003108978271484375,0.2219691276550293,0.007358074188232422
9.80449652671814,0.0003161430358886719,0.22136878967285156,0.007436275482177734
9.738099813461304,0.00023508071899414062,0.22370266914367676,0.007401704788208008
9.779406070709229,0.005115509033203125,0.22609543800354004,0.007442474365234375
9.785924911499023,0.00536656379699707,0.2236030101776123,0.0073773860931396484
9.754855871200562,0.0002982616424560547,0.22246456146240234,0.0074079036712646484
9.755698680877686,0.00031185150146484375,0.22270536422729492,0.007468461990356445
9.735612869262695,0.0002372264862060547,0.22254490852355957,0.007440328598022461
9.740623235702515,0.005278587341308594,0.2205500602722168,0.007439851760864258
9.769043922424316,0.00029969215393066406,0.2202441692352295,0.007115602493286133
9.750337362289429,0.0003364086151123047,0.22048211097717285,0.007445573806762695
9.73100996017456,0.000286102294921875,0.2205047607421875,0.007150411605834961
9.806862115859985,0.00031566619873046875,0.2206883430480957,0.007119894027709961
9.707590103149414,0.0051043033599853516,0.22283720970153809,0.0075643062591552734
9.737784385681152,0.005339860916137695,0.22081804275512695,0.007189750671386719
9.740480422973633,0.0002269744873046875,0.22114276885986328,0.00733637809753418
9.768801927566528,0.00023174285888671875,0.22099590301513672,0.00759577751159668
9.793579339981079,0.0002315044403076172,0.2212204933166504,0.007697582244873047
9.776057720184326,0.0002841949462890625,0.22052240371704102,0.007471561431884766
9.795651197433472,0.00025153160095214844,0.2209634780883789,0.007187843322753906
9.736832857131958,0.00023698806762695312,0.2207798957824707,0.0074045658111572266
9.848562002182007,0.0002338886260986328,0.22064781188964844,0.00742650032043457
9.730364084243774,0.00025653839111328125,0.2206113338470459,0.0070078372955322266
9.784662246704102,0.00029778480529785156,0.22375178337097168,0.0073757171630859375
9.821022510528564,0.0003647804260253906,0.22265005111694336,0.007369518280029297
9.735589742660522,0.00030875205993652344,0.22411227226257324,0.007314443588256836
9.770459175109863,0.0002894401550292969,0.22017431259155273,0.00733184814453125
9.751381158828735,0.0003044605255126953,0.2216954231262207,0.007096052169799805
9.793055295944214,0.0003387928009033203,0.22201943397521973,0.0075337886810302734
9.750861644744873,0.0003139972686767578,0.22165203094482422,0.007294416427612305
9.690800905227661,0.0002453327178955078,0.2238311767578125,0.007396697998046875
9.745527982711792,0.00022554397583007812,0.2212975025177002,0.007437944412231445
9.797913074493408,0.0003120899200439453,0.2205946445465088,0.007482051849365234
9.76248550415039,0.0002760887145996094,0.2210681438446045,0.0074672698974609375
9.730920314788818,0.00024199485778808594,0.2204580307006836,0.007308006286621094
9.766346454620361,0.00032329559326171875,0.24144434928894043,0.0074274539947509766
9.79223108291626,0.0003066062927246094,0.221451997756958,0.00745701789855957
9.771125555038452,0.00030231475830078125,0.2216646671295166,0.007442474365234375
9.713663101196289,0.0002453327178955078,0.22057867050170898,0.007437467575073242
9.825707912445068,0.0002949237823486328,0.2208561897277832,0.007224082946777344
9.780367851257324,0.0002570152282714844,0.22513294219970703,0.00731205940246582
11.610222339630127,0.0003247261047363281,0.34145474433898926,0.021674633026123047
10.07909083366394,0.0002357959747314453,0.22114849090576172,0.00738978385925293
9.865338802337646,0.000263214111328125,0.2214350700378418,0.007719755172729492
9.77107048034668,0.000324249267578125,0.22399568557739258,0.007424831390380859
9.76660966873169,0.00028967857360839844,0.22395896911621094,0.007013797760009766
9.822268962860107,0.00022864341735839844,0.22069406509399414,0.007439851760864258
9.757908821105957,0.0003254413604736328,0.2208573818206787,0.007071256637573242
9.740168571472168,0.00023818016052246094,0.2204136848449707,0.0071392059326171875
9.809962034225464,0.00027251243591308594,0.2211627960205078,0.007596015930175781
9.81667447090149,0.004035234451293945,0.22411799430847168,0.008184671401977539
9.798197507858276,0.00511479377746582,0.22139739990234375,0.00729680061340332
9.849957704544067,0.0002334117889404297,0.22094345092773438,0.007320404052734375
9.767401218414307,0.0003154277801513672,0.22073817253112793,0.007515668869018555
9.721715450286865,0.0002880096435546875,0.2234668731689453,0.007392406463623047
9.826680421829224,0.0002455711364746094,0.22352170944213867,0.0074710845947265625
9.766072273254395,0.00026917457580566406,0.22304081916809082,0.0073986053466796875
9.726186275482178,0.00023698806762695312,0.22352051734924316,0.01077413558959961
9.747956037521362,0.00024080276489257812,0.22098422050476074,0.007098197937011719
9.752688884735107,0.00022745132446289062,0.22183465957641602,0.007490396499633789
9.777458429336548,0.0003020763397216797,0.22536015510559082,0.007064342498779297
9.731300592422485,0.00023245811462402344,0.22246623039245605,0.007436037063598633
9.765615940093994,0.0002579689025878906,0.22223949432373047,0.007302522659301758
9.77099323272705,0.0003046989440917969,0.22200822830200195,0.007406949996948242
9.752283811569214,0.00026869773864746094,0.22361302375793457,0.007393360137939453
9.72333312034607,0.006691932678222656,0.22396135330200195,0.007379770278930664
9.756390810012817,0.0051152706146240234,0.22150373458862305,0.007388591766357422
9.759716987609863,0.0002307891845703125,0.22440052032470703,0.0072939395904541016
9.793883800506592,0.00023102760314941406,0.26065540313720703,0.007376909255981445
9.807804346084595,0.00032830238342285156,0.22260236740112305,0.007304668426513672
9.802975177764893,0.0003254413604736328,0.22243618965148926,0.007683515548706055
9.738598108291626,0.0003218650817871094,0.2233288288116455,0.0073964595794677734
9.759808540344238,0.0002961158752441406,0.22425198554992676,0.00760960578918457
9.816105365753174,0.00030803680419921875,0.22830629348754883,0.007719993591308594
9.735901832580566,0.0002613067626953125,0.2223975658416748,0.0076694488525390625
9.794870138168335,0.0002429485321044922,0.2244865894317627,0.007403373718261719
9.844308137893677,0.00022482872009277344,0.22256040573120117,0.007879018783569336
9.76002049446106,0.00024175643920898438,0.22288846969604492,0.007692813873291016
9.809529781341553,0.00023412704467773438,0.22276544570922852,0.0073130130767822266
9.763965606689453,0.00023365020751953125,0.22491836547851562,0.007498979568481445
9.759456396102905,0.00030684471130371094,0.2230699062347412,0.0073163509368896484
9.818461418151855,0.00025582313537597656,0.2251119613647461,0.0075991153717041016
9.864359378814697,0.00028896331787109375,0.22374820709228516,0.0077054500579833984
9.7481529712677,0.0002694129943847656,0.22266769409179688,0.007565736770629883
9.800995588302612,0.0003483295440673828,0.23242735862731934,0.007375001907348633
9.738170862197876,0.00022459030151367188,0.22269892692565918,0.0076634883880615234
9.794191360473633,0.00022912025451660156,0.22453761100769043,0.007569789886474609
9.759800434112549,0.0003459453582763672,0.22215771675109863,0.007774829864501953
9.760818481445312,0.0002319812774658203,0.2225644588470459,0.007623195648193359
9.793684005737305,0.0002505779266357422,0.22252869606018066,0.007723331451416016
9.762025356292725,0.00030422210693359375,0.22271728515625,0.0077059268951416016
9.736326694488525,0.00023603439331054688,0.22253966331481934,0.007749795913696289
9.808112621307373,0.0002770423889160156,0.23711085319519043,0.007435321807861328
9.723085641860962,0.0002827644348144531,0.22220420837402344,0.0075283050537109375
9.735195875167847,0.005386829376220703,0.22432661056518555,0.007451295852661133
9.782948017120361,0.0003211498260498047,0.2200610637664795,0.007365226745605469
9.748350620269775,0.00027871131896972656,0.22039413452148438,0.00733184814453125
9.714233160018921,0.000301361083984375,0.22112751007080078,0.007097005844116211
9.763631582260132,0.00025463104248046875,0.22073864936828613,0.006952047348022461
9.72887372970581,0.00031375885009765625,0.22089481353759766,0.007447242736816406
9.751400470733643,0.00024247169494628906,0.22090506553649902,0.007450580596923828
9.717148303985596,0.0002334117889404297,0.2204599380493164,0.007342100143432617
9.883023738861084,0.00028777122497558594,0.2222144603729248,0.007071495056152344
9.770106554031372,0.000270843505859375,0.22406697273254395,0.007379293441772461
9.795475959777832,0.0002970695495605469,0.22028088569641113,0.007024049758911133
9.768387794494629,0.00024771690368652344,0.22029376029968262,0.007170200347900391
9.824547529220581,0.00022649765014648438,0.22165799140930176,0.0070607662200927734
9.761651515960693,0.0002536773681640625,0.2240149974822998,0.0070037841796875
9.732393026351929,0.0002605915069580078,0.2206432819366455,0.007370710372924805
9.765440225601196,0.00023818016052246094,0.2224109172821045,0.010178804397583008
9.789914608001709,0.0002498626708984375,0.220505952835083,0.0073206424713134766
9.791691541671753,0.000240325927734375,0.22296380996704102,0.007078647613525391
9.757486581802368,0.0002415180206298828,0.22164034843444824,0.0074994564056396484
9.720133066177368,0.0002429485321044922,0.2205038070678711,0.0071184635162353516
9.793937683105469,0.005255222320556641,0.22527265548706055,0.007254362106323242
9.731881856918335,0.0002372264862060547,0.2231769561767578,0.007302284240722656
9.748282194137573,0.00023698806762695312,0.22058916091918945,0.0074481964111328125
9.769670963287354,0.0002429485321044922,0.2224593162536621,0.007277965545654297
9.743063926696777,0.00023651123046875,0.22307753562927246,0.007418632507324219
9.726115703582764,0.0002503395080566406,0.22043371200561523,0.007628202438354492
9.744628667831421,0.00030303001403808594,0.22168564796447754,0.0074155330657958984
9.7705557346344,0.0002429485321044922,0.22330665588378906,0.007297039031982422
9.842136859893799,0.00030994415283203125,0.22060251235961914,0.0070073604583740234
9.806203126907349,0.00023126602172851562,0.22154450416564941,0.007474660873413086
9.766915321350098,0.00023889541625976562,0.22230148315429688,0.007426023483276367
9.719020366668701,0.0003123283386230469,0.22035932540893555,0.007442951202392578
9.797960996627808,0.0003025531768798828,0.22182655334472656,0.007430076599121094
9.764528036117554,0.0002732276916503906,0.22280001640319824,0.007390022277832031
9.748377799987793,0.0003497600555419922,0.22147083282470703,0.0069577693939208984
9.772910356521606,0.0003006458282470703,0.22151708602905273,0.007118940353393555
9.737343072891235,0.00026869773864746094,0.22287297248840332,0.007397651672363281
9.686382055282593,0.0003063678741455078,0.22087883949279785,0.007418155670166016
9.75604510307312,0.00022721290588378906,0.22036528587341309,0.0072596073150634766
9.762585878372192,0.00031447410583496094,0.23277735710144043,0.007601022720336914
9.72747540473938,0.00024366378784179688,0.2205488681793213,0.007242679595947266
9.733930110931396,0.00024199485778808594,0.2210853099822998,0.007277250289916992
9.866254806518555,0.00023317337036132812,0.22082304954528809,0.007330656051635742
9.740266799926758,0.0002422332763671875,0.220597505569458,0.007052183151245117
9.767482995986938,0.00023984909057617188,0.22371673583984375,0.007105350494384766
9.753175020217896,0.0003173351287841797,0.22197842597961426,0.007566213607788086
9.771749258041382,0.00022864341735839844,0.22131919860839844,0.0071277618408203125
9.819907903671265,0.00024127960205078125,0.2202596664428711,0.0074503421783447266
9.747978448867798,0.0002467632293701172,0.22110366821289062,0.007404804229736328
9.76801586151123,0.0003020763397216797,0.21881341934204102,0.009030342102050781
9.759050130844116,0.0002942085266113281,0.21906423568725586,0.007203578948974609
9.728063344955444,0.00030612945556640625,0.22234177589416504,0.007017850875854492
9.788727760314941,0.0002944469451904297,0.2187814712524414,0.006955862045288086
9.7642982006073,0.005349874496459961,0.22180724143981934,0.006857633590698242
9.756631135940552,0.0003046989440917969,0.22056913375854492,0.0070950984954833984
9.775450468063354,0.005218982696533203,0.21896719932556152,0.007055997848510742
9.731622219085693,0.0003044605255126953,0.22426414489746094,0.0073089599609375
9.726318836212158,0.0002384185791015625,0.22350215911865234,0.0071756839752197266
9.739686489105225,0.0002353191375732422,0.22875428199768066,0.007716178894042969
9.760125637054443,0.00025463104248046875,0.22320961952209473,0.007181882858276367
9.708789110183716,0.0003173351287841797,0.22521042823791504,0.007587432861328125
9.725271940231323,0.005954265594482422,0.2251448631286621,0.007451534271240234
9.785618543624878,0.0002334117889404297,0.2237262725830078,0.007021665573120117
9.698843240737915,0.004793405532836914,0.22243022918701172,0.00707554817199707
9.751398086547852,0.0002970695495605469,0.221665620803833,0.007383823394775391
9.762171030044556,0.00024127960205078125,0.22030401229858398,0.007392168045043945
9.74934697151184,0.00025534629821777344,0.2215883731842041,0.007181644439697266
9.737443447113037,0.00029349327087402344,0.22050738334655762,0.0075147151947021484
9.736700773239136,0.00024390220642089844,0.22280526161193848,0.007385969161987305
9.81108832359314,0.0002422332763671875,0.2212071418762207,0.007197380065917969
9.80799150466919,0.0003504753112792969,0.223801851272583,0.0070040225982666016
9.803343057632446,0.0003120899200439453,0.22089695930480957,0.007343292236328125
9.811535596847534,0.00023603439331054688,0.22015118598937988,0.007032632827758789
9.749305725097656,0.00032639503479003906,0.22434782981872559,0.0074236392974853516
9.723100900650024,0.00026535987854003906,0.22032785415649414,0.00699305534362793
9.768343448638916,0.0003123283386230469,0.22238540649414062,0.007379293441772461
11.521168231964111,0.0002484321594238281,0.22030997276306152,0.006974458694458008
9.766607284545898,0.0003402233123779297,0.22031760215759277,0.007348537445068359
11.153860092163086,0.0003063678741455078,0.2205369472503662,0.007123708724975586
9.718428373336792,0.000301361083984375,0.22103619575500488,0.007084846496582031
9.764741897583008,0.00024580955505371094,0.22062921524047852,0.007405519485473633
9.734992265701294,0.0002734661102294922,0.22049951553344727,0.007310152053833008
9.720423221588135,0.00030517578125,0.22043824195861816,0.007321834564208984
9.762909173965454,0.0002830028533935547,0.22049522399902344,0.00725245475769043
9.734357118606567,0.0003376007080078125,0.22298908233642578,0.007477998733520508
9.767452001571655,0.0002315044403076172,0.22047948837280273,0.007074117660522461
9.69757628440857,0.00512385368347168,0.22263455390930176,0.0074176788330078125
9.745372533798218,0.0002467632293701172,0.22210931777954102,0.007337331771850586
9.73590612411499,0.0003037452697753906,0.22312068939208984,0.007139921188354492
9.773199319839478,0.00025963783264160156,0.2227315902709961,0.00731348991394043
9.784107446670532,0.0002448558807373047,0.22029948234558105,0.007103443145751953
9.700684309005737,0.0002491474151611328,0.22298121452331543,0.007397651672363281
9.838920593261719,0.00031685829162597656,0.22299885749816895,0.007417201995849609
9.7812340259552,0.0003261566162109375,0.22078990936279297,0.007395505905151367
9.81833267211914,0.00029277801513671875,0.2250680923461914,0.007180690765380859
9.738629579544067,0.00025773048400878906,0.2241830825805664,0.007067441940307617
9.778299808502197,0.00028443336486816406,0.22018885612487793,0.007382631301879883
9.757331609725952,0.00032019615173339844,0.2234354019165039,0.007398128509521484
9.759782791137695,0.000240325927734375,0.2249312400817871,0.007433891296386719
9.80701494216919,0.00035572052001953125,0.22089576721191406,0.007147073745727539
9.80198073387146,0.0002923011779785156,0.2207787036895752,0.007406473159790039
9.782912015914917,0.0002384185791015625,0.22040939331054688,0.0074388980865478516
9.790218353271484,0.00023436546325683594,0.22330427169799805,0.0075342655181884766
9.818679809570312,0.00026988983154296875,0.2205204963684082,0.007373809814453125
9.791046619415283,0.00413823127746582,0.22551870346069336,0.0071887969970703125
9.770939588546753,0.0002391338348388672,0.22111940383911133,0.007384777069091797
9.735341787338257,0.00023102760314941406,0.22060370445251465,0.007064104080200195
9.745290279388428,0.0002300739288330078,0.22046303749084473,0.007483720779418945
9.781841039657593,0.00032711029052734375,0.22111749649047852,0.007418394088745117
9.80119514465332,0.00031876564025878906,0.2211916446685791,0.007744312286376953
9.72602653503418,0.00023651123046875,0.22050714492797852,0.007434844970703125
9.732713222503662,0.00023651123046875,0.22064948081970215,0.007347583770751953
9.781348466873169,0.00026226043701171875,0.22050094604492188,0.007428407669067383
9.760676383972168,0.0002429485321044922,0.22032904624938965,0.007042884826660156
9.729907035827637,0.0002999305725097656,0.22065162658691406,0.0070040225982666016
9.779741287231445,0.0002486705780029297,0.2204875946044922,0.007105827331542969
9.780347347259521,0.0003082752227783203,0.2219681739807129,0.0073049068450927734
9.753172874450684,0.00024008750915527344,0.22089672088623047,0.007317781448364258
9.731407165527344,0.0002498626708984375,0.2207942008972168,0.0072400569915771484
9.782235145568848,0.0002830028533935547,0.22054290771484375,0.00715184211730957
9.772074460983276,0.005220890045166016,0.22059202194213867,0.007134914398193359
9.760385036468506,0.0003612041473388672,0.22182559967041016,0.007657051086425781
9.750711441040039,0.00025963783264160156,0.22064590454101562,0.007199287414550781
9.787102699279785,0.0003097057342529297,0.22053909301757812,0.00745844841003418
9.756608486175537,0.00026106834411621094,0.2202596664428711,0.007066249847412109
9.810994148254395,0.00022935867309570312,0.22052741050720215,0.007169485092163086
9.769864082336426,0.0002906322479248047,0.22086167335510254,0.007387876510620117
9.735052585601807,0.00026917457580566406,0.22054505348205566,0.007401466369628906
9.795093774795532,0.0002734661102294922,0.22033190727233887,0.007412433624267578
9.734479188919067,0.005318641662597656,0.2206275463104248,0.006994009017944336
9.750370502471924,0.00023603439331054688,0.2256331443786621,0.007290363311767578
9.819218873977661,0.00023126602172851562,0.22350287437438965,0.007478952407836914
9.781259775161743,0.00022840499877929688,0.2250385284423828,0.0071947574615478516
9.724308967590332,0.00032329559326171875,0.22296810150146484,0.010016918182373047
9.796950578689575,0.0002827644348144531,0.22240042686462402,0.007438182830810547
9.796876430511475,0.0003120899200439453,0.2209300994873047,0.0074422359466552734
9.756464719772339,0.0002658367156982422,0.2227773666381836,0.007089138031005859
9.705016851425171,0.0002446174621582031,0.22129392623901367,0.007353067398071289
9.791113138198853,0.00032639503479003906,0.22119951248168945,0.007142782211303711
9.758289575576782,0.0003178119659423828,0.22364163398742676,0.0071218013763427734
9.827149868011475,0.00028705596923828125,0.22101402282714844,0.007181882858276367
9.772405624389648,0.00024962425231933594,0.22107672691345215,0.007421731948852539
9.721879005432129,0.0002472400665283203,0.22218918800354004,0.00744938850402832
9.75486946105957,0.0003261566162109375,0.22084951400756836,0.007105588912963867
9.705140829086304,0.005244016647338867,0.22383785247802734,0.00719451904296875
9.751635789871216,0.00026154518127441406,0.22574567794799805,0.007347822189331055
9.794365167617798,0.0002651214599609375,0.22216439247131348,0.0076563358306884766
9.811890840530396,0.00023293495178222656,0.22628545761108398,0.007194995880126953
9.711532592773438,0.00024056434631347656,0.22074651718139648,0.007406949996948242
9.765672445297241,0.0002446174621582031,0.22712349891662598,0.007533550262451172
9.786323308944702,0.004641532897949219,0.22088170051574707,0.007227897644042969
9.74641728401184,0.0003142356872558594,0.22163128852844238,0.007370710372924805
9.780964136123657,0.0002853870391845703,0.22427773475646973,0.007377147674560547
9.761335372924805,0.0002570152282714844,0.22444915771484375,0.0071561336517333984
9.848684787750244,0.00032591819763183594,0.22634649276733398,0.007430553436279297
9.750395059585571,0.00026607513427734375,0.22281813621520996,0.007451295852661133
9.779736995697021,0.0002429485321044922,0.22246694564819336,0.007363080978393555
9.78338074684143,0.0003161430358886719,0.22107934951782227,0.007382631301879883
9.776674747467041,0.00031876564025878906,0.22028827667236328,0.007477760314941406
9.743614435195923,0.00024247169494628906,0.22361063957214355,0.0074160099029541016
9.788206100463867,0.00023794174194335938,0.22159147262573242,0.007628202438354492
9.754169940948486,0.00030350685119628906,0.22089910507202148,0.007004737854003906
9.820508241653442,0.0002353191375732422,0.220733642578125,0.00745391845703125
9.802794456481934,0.0003383159637451172,0.22195100784301758,0.007406473159790039
9.767943859100342,0.00024318695068359375,0.2220287322998047,0.007414579391479492
9.780640840530396,0.00032591819763183594,0.22350811958312988,0.007544755935668945
9.713774919509888,0.00030350685119628906,0.22331690788269043,0.007481575012207031
9.71727967262268,0.0002837181091308594,0.22124314308166504,0.007047414779663086
9.740896940231323,0.0002570152282714844,0.22051644325256348,0.009423494338989258
9.71903681755066,0.00023436546325683594,0.2236015796661377,0.00730586051940918
9.728123664855957,0.0002377033233642578,0.22255802154541016,0.007065296173095703
9.721547603607178,0.00030159950256347656,0.22014665603637695,0.007307767868041992
9.735877752304077,0.005234718322753906,0.22072792053222656,0.006969928741455078
9.801717042922974,0.0002586841583251953,0.2228708267211914,0.007399082183837891
9.751850366592407,0.0003108978271484375,0.22406959533691406,0.0074880123138427734
9.79483699798584,0.0003085136413574219,0.22633051872253418,0.007727146148681641
9.787748575210571,0.00023984909057617188,0.2223052978515625,0.0077419281005859375
9.727064371109009,0.00023937225341796875,0.2239983081817627,0.007604122161865234
9.736624956130981,0.0002751350402832031,0.2251758575439453,0.007579803466796875
9.693740844726562,0.0003254413604736328,0.22218966484069824,0.007518291473388672
9.768908262252808,0.00037360191345214844,0.22453594207763672,0.007590293884277344
9.814884185791016,0.00023221969604492188,0.22226667404174805,0.007693767547607422
9.79751181602478,0.00026345252990722656,0.22449207305908203,0.007282257080078125
9.740842580795288,0.0002460479736328125,0.22647833824157715,0.007346391677856445
9.799219369888306,0.00030541419982910156,0.22435259819030762,0.008051633834838867
9.699650049209595,0.00028014183044433594,0.22441911697387695,0.007903575897216797
9.695534706115723,0.0002732276916503906,0.22431612014770508,0.007831096649169922
9.77614688873291,0.0002410411834716797,0.22431564331054688,0.008091926574707031
9.820268392562866,0.0002956390380859375,0.22406339645385742,0.00766301155090332
9.743387699127197,0.0003311634063720703,0.22604584693908691,0.007970571517944336
9.753294706344604,0.0060520172119140625,0.22832226753234863,0.007963180541992188
9.773806095123291,0.00027561187744140625,0.22906875610351562,0.008051633834838867
9.803220510482788,0.00023293495178222656,0.22528815269470215,0.00801396369934082
9.835973501205444,0.00022721290588378906,0.22474408149719238,0.007673025131225586
9.795691728591919,0.0003020763397216797,0.22690081596374512,0.0079803466796875
9.761473894119263,0.0002987384796142578,0.22736239433288574,0.008000373840332031
9.716442584991455,0.0003268718719482422,0.2270503044128418,0.00796055793762207
9.737250328063965,0.0003306865692138672,0.22542309761047363,0.007666587829589844
9.769262552261353,0.0003638267517089844,0.22531437873840332,0.008003473281860352
9.7375648021698,0.0002334117889404297,0.2241501808166504,0.007672309875488281
9.768441200256348,0.0002505779266357422,0.2264699935913086,0.007792234420776367
9.738826036453247,0.0003056526184082031,0.22577238082885742,0.007998466491699219
9.781816959381104,0.0002276897430419922,0.2240743637084961,0.00801992416381836
9.739284992218018,0.00030303001403808594,0.22399306297302246,0.007704257965087891
9.754035234451294,0.0002524852752685547,0.22439813613891602,0.007985591888427734
9.750632762908936,0.0002391338348388672,0.2298440933227539,0.00802755355834961
9.77243185043335,0.00023937225341796875,0.22440671920776367,0.008091211318969727
9.734536409378052,0.0002849102020263672,0.22530221939086914,0.00800943374633789
9.712198734283447,0.0049173831939697266,0.22680926322937012,0.007965564727783203
9.729936122894287,0.0003097057342529297,0.22737932205200195,0.008335590362548828
9.803725719451904,0.0003273487091064453,0.22562789916992188,0.007859468460083008
9.799398422241211,0.0002868175506591797,0.22725820541381836,0.007887601852416992
9.840041875839233,0.0002620220184326172,0.22707223892211914,0.007578134536743164
9.75094747543335,0.00025773048400878906,0.2242872714996338,0.007956266403198242
9.761801719665527,0.00023365020751953125,0.22556805610656738,0.00799107551574707
9.71403956413269,0.0002357959747314453,0.22765827178955078,0.007608652114868164
9.73435115814209,0.00024771690368652344,0.22452163696289062,0.007590293884277344
9.756171464920044,0.00030922889709472656,0.22715497016906738,0.0076067447662353516
9.7888503074646,0.0002646446228027344,0.22463202476501465,0.008097410202026367
9.798227548599243,0.00030303001403808594,0.22636055946350098,0.00795292854309082
9.827317714691162,0.0002570152282714844,0.22432875633239746,0.007689952850341797
9.727021932601929,0.0002715587615966797,0.22450613975524902,0.008138418197631836
9.805994510650635,0.0002338886260986328,0.23668265342712402,0.007635593414306641
9.794128894805908,0.0003025531768798828,0.22394108772277832,0.0075113773345947266
9.724031448364258,0.004671812057495117,0.22423815727233887,0.007996797561645508
9.762816190719604,0.0002422332763671875,0.22638416290283203,0.007662534713745117
9.7650146484375,0.005190849304199219,0.2267313003540039,0.007961750030517578
9.738778352737427,0.0002987384796142578,0.2264266014099121,0.007493257522583008
9.719933986663818,0.00023937225341796875,0.2252364158630371,0.007862329483032227
9.776302814483643,0.00027871131896972656,0.22728943824768066,0.007498979568481445
9.763349771499634,0.005173921585083008,0.2285475730895996,0.007683992385864258
9.724866390228271,0.0002353191375732422,0.22531819343566895,0.007943153381347656
9.755595207214355,0.00024271011352539062,0.2258288860321045,0.008108854293823242
9.753212451934814,0.0002899169921875,0.22403812408447266,0.007811307907104492
9.765435695648193,0.000274658203125,0.22952771186828613,0.007991790771484375
9.731688499450684,0.0003523826599121094,0.2241344451904297,0.008216142654418945
9.833290815353394,0.00024271011352539062,0.22826504707336426,0.007843255996704102
9.72900915145874,0.00024700164794921875,0.2245018482208252,0.007794618606567383
9.793204069137573,0.0002841949462890625,0.2239992618560791,0.00796055793762207
9.752142190933228,0.0002989768981933594,0.22613215446472168,0.008019447326660156
9.784485340118408,0.0003261566162109375,0.22741007804870605,0.007972478866577148
9.757874011993408,0.00023365020751953125,0.22426867485046387,0.008323192596435547
9.740826606750488,0.0002837181091308594,0.2252061367034912,0.008010387420654297
9.713804006576538,0.00031948089599609375,0.2239675521850586,0.007686138153076172
9.72518253326416,0.00022935867309570312,0.22396302223205566,0.007903575897216797
9.726626634597778,0.005311012268066406,0.22423410415649414,0.008076906204223633
9.713695526123047,0.0003523826599121094,0.22412562370300293,0.007965803146362305
9.75499415397644,0.0002510547637939453,0.22575974464416504,0.007982015609741211
9.813128232955933,0.0003037452697753906,0.2251138687133789,0.007659435272216797
9.720892667770386,0.00030040740966796875,0.22419452667236328,0.0076677799224853516
9.757710218429565,0.005297660827636719,0.22655510902404785,0.007511138916015625
9.733580112457275,0.00024127960205078125,0.2244267463684082,0.008106470108032227
9.798150539398193,0.00023102760314941406,0.22429513931274414,0.007988691329956055
9.761114358901978,0.00024771690368652344,0.22548294067382812,0.0079345703125
9.73212718963623,0.00024771690368652344,0.2256028652191162,0.0075531005859375
9.764493703842163,0.00024509429931640625,0.23658990859985352,0.007676362991333008
9.815579414367676,0.00023365020751953125,0.2250669002532959,0.00790548324584961
9.784119367599487,0.00024390220642089844,0.22764039039611816,0.008029699325561523
9.726011276245117,0.0053369998931884766,0.22621750831604004,0.008208274841308594
9.768012762069702,0.00031876564025878906,0.22753286361694336,0.009943485260009766
9.765499591827393,0.0003135204315185547,0.2245326042175293,0.008065462112426758
9.735527753829956,0.00023412704467773438,0.22453022003173828,0.007653474807739258
9.80246114730835,0.00024199485778808594,0.22677898406982422,0.00801229476928711
9.737170457839966,0.00024580955505371094,0.22721624374389648,0.007590532302856445
9.751550197601318,0.00032711029052734375,0.22696399688720703,0.007985591888427734
9.755539417266846,0.000324249267578125,0.22466707229614258,0.007681608200073242
9.779876232147217,0.00026679039001464844,0.22505474090576172,0.007930278778076172
9.756636142730713,0.0002837181091308594,0.22394180297851562,0.00797128677368164
9.778464555740356,0.0002675056457519531,0.22727060317993164,0.007941961288452148
9.739707231521606,0.0003256797790527344,0.2241678237915039,0.007845401763916016
9.750051736831665,0.0002620220184326172,0.2241654396057129,0.007707834243774414
9.779922246932983,0.0002620220184326172,0.22448968887329102,0.007878303527832031
9.798969745635986,0.0003070831298828125,0.22514820098876953,0.007906913757324219
9.756036758422852,0.0002319812774658203,0.22541427612304688,0.008004903793334961
9.76052451133728,0.0002460479736328125,0.224318265914917,0.007706880569458008
9.721750497817993,0.000347137451171875,0.2238450050354004,0.00797414779663086
9.735204458236694,0.0002980232238769531,0.22418522834777832,0.0075225830078125
9.722486019134521,0.0003173351287841797,0.22379565238952637,0.007773876190185547
9.721293687820435,0.0002875328063964844,0.22455668449401855,0.008121013641357422
9.750276327133179,0.0041921138763427734,0.22959303855895996,0.00797581672668457
9.799077033996582,0.00529789924621582,0.22463417053222656,0.007912635803222656
9.80985140800476,0.0003345012664794922,0.22393298149108887,0.007947683334350586
9.895763874053955,0.000244140625,0.22567248344421387,0.007919073104858398
9.762927055358887,0.00023984909057617188,0.22401857376098633,0.007947921752929688
9.760122776031494,0.0002498626708984375,0.2245330810546875,0.007919788360595703
9.750572204589844,0.0003097057342529297,0.2258472442626953,0.007933616638183594
9.708390712738037,0.0002970695495605469,0.22366547584533691,0.007582426071166992
9.744932413101196,0.00031280517578125,0.22795605659484863,0.007843732833862305
9.741185903549194,0.00023651123046875,0.22708702087402344,0.007965803146362305
9.809107542037964,0.00032019615173339844,0.22510766983032227,0.007856130599975586
9.735634565353394,0.00023794174194335938,0.22404789924621582,0.00767207145690918
9.751106977462769,0.00023818016052246094,0.22430801391601562,0.007967472076416016
9.779021263122559,0.0003190040588378906,0.22480034828186035,0.0076961517333984375
9.748526573181152,0.00032639503479003906,0.22626423835754395,0.00782632827758789
9.769989728927612,0.0002353191375732422,0.2249908447265625,0.007963895797729492
9.797729730606079,0.0002715587615966797,0.22824668884277344,0.007676124572753906
9.738377332687378,0.0002288818359375,0.22510695457458496,0.007463216781616211
9.723811864852905,0.00023055076599121094,0.22358417510986328,0.007858514785766602
9.740958213806152,0.0002429485321044922,0.22428441047668457,0.008102893829345703
9.69692587852478,0.00032329559326171875,0.2271585464477539,0.007874488830566406
9.761779069900513,0.00023031234741210938,0.2263648509979248,0.007986783981323242
9.796066045761108,0.00024819374084472656,0.22775030136108398,0.007990360260009766
9.83069372177124,0.0002543926239013672,0.22592735290527344,0.007920265197753906
9.79256558418274,0.00032973289489746094,0.22459125518798828,0.008024930953979492
9.74488615989685,0.0002830028533935547,0.2240734100341797,0.007849693298339844
9.704446792602539,0.00025653839111328125,0.22436261177062988,0.007718086242675781
9.728654861450195,0.00023698806762695312,0.22697210311889648,0.007542848587036133
9.744951486587524,0.0002512931823730469,0.22400689125061035,0.007889986038208008
9.78328824043274,0.00033211708068847656,0.22830891609191895,0.007916927337646484
9.741488933563232,0.0003142356872558594,0.22473621368408203,0.007699251174926758
9.760911464691162,0.0002770423889160156,0.2246718406677246,0.007980585098266602
9.794009447097778,0.00025844573974609375,0.22406530380249023,0.007889986038208008
9.801655054092407,0.0002315044403076172,0.22378993034362793,0.007911205291748047
9.775750637054443,0.0003216266632080078,0.22577857971191406,0.00796961784362793
9.736090660095215,0.0002410411834716797,0.22377538681030273,0.0075376033782958984
9.836546421051025,0.0002510547637939453,0.22705292701721191,0.008008003234863281
9.796688318252563,0.0002970695495605469,0.2241063117980957,0.008109569549560547
9.789769649505615,0.0003085136413574219,0.22419333457946777,0.007843255996704102
9.736860275268555,0.00025177001953125,0.22409915924072266,0.007995843887329102
9.737868309020996,0.005347728729248047,0.2243359088897705,0.0075457096099853516
9.712831020355225,0.00028204917907714844,0.22412633895874023,0.007941246032714844
9.745150089263916,0.0002391338348388672,0.22426962852478027,0.007614850997924805
9.734106302261353,0.0002613067626953125,0.2273108959197998,0.007693290710449219
9.806004047393799,0.00031185150146484375,0.23117518424987793,0.008021831512451172
9.708842039108276,0.00029730796813964844,0.22661185264587402,0.010103464126586914
9.709415197372437,0.00032258033752441406,0.22586750984191895,0.00759124755859375
9.78588604927063,0.0002892017364501953,0.2240762710571289,0.008010387420654297
9.700836181640625,0.00025177001953125,0.2258622646331787,0.008068084716796875
9.738655805587769,0.0002799034118652344,0.2262861728668213,0.007714271545410156
9.70873475074768,0.0003762245178222656,0.22696471214294434,0.008034706115722656
9.775256633758545,0.00024080276489257812,0.22626638412475586,0.00770115852355957
9.777536392211914,0.00031256675720214844,0.22716856002807617,0.007935523986816406
9.724451780319214,0.0002841949462890625,0.2242727279663086,0.007895708084106445
9.75270676612854,0.00024127960205078125,0.22716331481933594,0.007744312286376953
9.776848316192627,0.00023293495178222656,0.2244713306427002,0.008101463317871094
9.743586301803589,0.00027441978454589844,0.22446084022521973,0.00754094123840332
9.735218524932861,0.00023555755615234375,0.22627544403076172,0.007979869842529297
9.677629470825195,0.0002529621124267578,0.22484469413757324,0.007780551910400391
9.724844694137573,0.0003361701965332031,0.22629022598266602,0.007934331893920898
9.709851026535034,0.00023651123046875,0.22464323043823242,0.007894277572631836
9.74134349822998,0.00024700164794921875,0.22414231300354004,0.007953643798828125
9.769587516784668,0.0002465248107910156,0.22389006614685059,0.008212089538574219
